{
    "stat": {
        "CodeGen(%)": 17.564604960622102,
        "ru_childs_end": {
            "ru_utime_sec": 0.036284999999999998,
            "ru_majflt": 0,
            "ru_minflt": 6907,
            "ru_stime_sec": 0.031491999999999999,
            "ru_maxrss_kb": 22172,
            "ru_nvcsw": 22,
            "ru_nivcsw": 9
        },
        "ru_self_end": {
            "ru_utime_sec": 0.094626000000000002,
            "ru_majflt": 0,
            "ru_minflt": 24383,
            "ru_stime_sec": 0.070630999999999999,
            "ru_maxrss_kb": 72664,
            "ru_nvcsw": 316,
            "ru_nivcsw": 36
        },
        "ru_self_cgstart": {
            "ru_utime_sec": 0.073046,
            "ru_majflt": 0,
            "ru_minflt": 22316,
            "ru_stime_sec": 0.051015999999999999,
            "ru_maxrss_kb": 67600,
            "ru_nvcsw": 239,
            "ru_nivcsw": 30
        },
        "ru_childs_cgstart": {
            "ru_utime_sec": 0.034870999999999999,
            "ru_majflt": 0,
            "ru_minflt": 6322,
            "ru_stime_sec": 0.028663000000000001,
            "ru_maxrss_kb": 21800,
            "ru_nvcsw": 17,
            "ru_nivcsw": 7
        },
        "cpu_cycles_total": 2233380956,
        "nQuads": 200,
        "cpu_cycles_cgstart": 2714732941578956,
        "nMops": 373,
        "totalObjSize": 99366,
        "cpu_cycles_end": 2714733501864698,
        "mopSpeed": 16221.623032095329,
        "Frontend(%)": 82.435395039377909,
        "quadSpeed": 8697.9211968339569,
        "mop/quad": 1.865,
        "outputSizePerQuad": 496.82999999999998,
        "peak_mem_kb": 228040,
        "realTime": 0.65444517135620117
    },
    "rlimit": {
        "data": -1,
        "stack": -1
    },
    "cycles_program_begin": 2714731268483742,
    "CurCompileUdps": {},
    "perf": [
        {
            "stat": [
                "main",
                "entry",
                0.016989946365356445,
                0.035957000000000003,
                0.015980999999999999,
                206592,
                206592,
                0.0,
                0.0,
                1676618694.3206649,
                2714731268811520
            ],
            "sub": [
                {
                    "stat": [
                        "doParsingAndDesignResolution",
                        "entry",
                        0.045745134353637695,
                        0.036767000000000001,
                        0.021860999999999998,
                        212804,
                        213472,
                        0.0,
                        0.0,
                        1676618694.3494201,
                        2714731369534374
                    ],
                    "sub": []
                },
                {
                    "stat": [
                        "doParsingAndDesignResolution",
                        "exit",
                        0.054172992706298828,
                        0.039226999999999998,
                        0.023536000000000001,
                        212992,
                        213640,
                        0.0,
                        0.0,
                        1676618694.3578479,
                        2714731399070684
                    ],
                    "sub": []
                },
                {
                    "stat": [
                        "doPostDesignResolutionToVir2Vcs",
                        "entry",
                        0.067231178283691406,
                        0.039942999999999999,
                        0.023966000000000001,
                        213140,
                        213640,
                        0.0,
                        0.0,
                        1676618694.3709061,
                        2714731444850420
                    ],
                    "sub": [
                        {
                            "stat": [
                                "doUptoVir2VcsNoSepCleanup",
                                "entry",
                                0.0858001708984375,
                                0.040866,
                                0.028605999999999999,
                                214144,
                                214148,
                                0.0,
                                0.0,
                                1676618694.3894751,
                                2714731510080064
                            ],
                            "sub": []
                        },
                        {
                            "stat": [
                                "doUptoVir2VcsNoSepCleanup",
                                "exit",
                                0.35526514053344727,
                                0.063319,
                                0.045545000000000002,
                                215664,
                                228040,
                                0.0,
                                0.0,
                                1676618694.6589401,
                                2714732454452354
                            ],
                            "sub": []
                        },
                        {
                            "stat": [
                                "doRadify_vir2vcsAll",
                                "entry",
                                0.35550117492675781,
                                0.063458000000000001,
                                0.045644999999999998,
                                215664,
                                228040,
                                0.0,
                                0.0,
                                1676618694.6591761,
                                2714732455162920
                            ],
                            "sub": []
                        },
                        {
                            "stat": [
                                "doRadify_vir2vcsAll",
                                "exit",
                                0.37932801246643066,
                                0.069528999999999994,
                                0.048222000000000001,
                                215664,
                                228040,
                                0.0,
                                0.0,
                                1676618694.6830029,
                                2714732538741764
                            ],
                            "sub": []
                        }
                    ]
                },
                {
                    "stat": [
                        "doPostDesignResolutionToVir2Vcs",
                        "exit",
                        0.37948012351989746,
                        0.069620000000000001,
                        0.048284000000000001,
                        215664,
                        228040,
                        0.0,
                        0.0,
                        1676618694.6831551,
                        2714732539175438
                    ],
                    "sub": []
                },
                {
                    "stat": [
                        "doGAToPass2",
                        "entry",
                        0.37960004806518555,
                        0.069690000000000002,
                        0.048334000000000002,
                        215664,
                        228040,
                        0.0,
                        0.0,
                        1676618694.683275,
                        2714732539570562
                    ],