{
    "cycles_program_begin": 9492555031090,
    "PrevCompiledModules": {},
    "cpu_cycles_pass2_start": 9494173106666,
    "PEModules": [],
    "perf": [
        {
            "stat": [
                "main",
                "entry",
                0.016997814178466797,
                0.032955999999999999,
                0.019973000000000001,
                206592,
                206592,
                0.0,
                0.0,
                1675314052.9858539,
                9492555369676
            ],
            "sub": [
                {
                    "stat": [
                        "doParsingAndDesignResolution",
                        "entry",
                        0.042755842208862305,
                        0.036012000000000002,
                        0.023664999999999999,
                        207396,
                        208064,
                        0.0,
                        0.0,
                        1675314053.0116119,
                        9492645570530
                    ],
                    "sub": []
                },
                {
                    "stat": [
                        "doParsingAndDesignResolution",
                        "exit",
                        0.053654909133911133,
                        0.036609000000000003,
                        0.026148999999999999,
                        207396,
                        208064,
                        0.0,
                        0.0,
                        1675314053.022511,
                        9492683837670
                    ],
                    "sub": []
                },
                {
                    "stat": [
                        "doPostDesignResolutionToVir2Vcs",
                        "entry",
                        0.0774688720703125,
                        0.037513999999999999,
                        0.027868,
                        207712,
                        208064,
                        0.0,
                        0.0,
                        1675314053.046325,
                        9492767400120
                    ],
                    "sub": [
                        {
                            "stat": [
                                "doUptoVir2VcsNoSepCleanup",
                                "entry",
                                0.098891973495483398,
                                0.040771000000000002,
                                0.030890999999999998,
                                208816,
                                208820,
                                0.0,
                                0.0,
                                1675314053.0677481,
                                9492842508800
                            ],
                            "sub": []
                        },
                        {
                            "stat": [
                                "doUptoVir2VcsNoSepCleanup",
                                "exit",
                                0.28123378753662109,
                                0.045782999999999997,
                                0.051887999999999997,
                                209836,
                                222576,
                                0.0,
                                0.0,
                                1675314053.2500899,
                                9493481442522
                            ],
                            "sub": []
                        },
                        {
                            "stat": [
                                "doRadify_vir2vcsAll",
                                "entry",
                                0.28141880035400391,
                                0.045871000000000002,
                                0.051986999999999998,
                                209836,
                                222576,
                                0.0,
                                0.0,
                                1675314053.2502749,
                                9493481997574
                            ],
                            "sub": []
                        },
                        {
                            "stat": [
                                "doRadify_vir2vcsAll",
                                "exit",
                                0.29616999626159668,
                                0.048168999999999997,
                                0.053293,
                                209836,
                                222576,
                                0.0,
                                0.0,
                                1675314053.2650261,
                                9493533773248
                            ],
                            "sub": []
                        }
                    ]
                },
                {
                    "stat": [
                        "doPostDesignResolutionToVir2Vcs",
                        "exit",
                        0.29628491401672363,
                        0.048224000000000003,
                        0.053353999999999999,
                        209836,
                        222576,
                        0.0,
                        0.0,
                        1675314053.265141,
                        9493534077668
                    ],
                    "sub": []
                },
                {
                    "stat": [
                        "doGAToPass2",
                        "entry",
                        0.29636788368225098,
                        0.048263,
                        0.053398000000000001,
                        209836,
                        222576,
                        0.0,
                        0.0,
                        1675314053.265224,
                        9493534349502
                    ],
                    "sub": [
                        {
                            "stat": [
                                "DoPass2",
                                "entry",
                                0.47860288619995117,
                                0.048307000000000003,
                                0.060641,
                                208280,
                                222576,
                                0.029916000000000002,
                                0.034509999999999999,
                                1675314053.447459,
                                9494173073448
                            ],
                            "sub": []
                        },
                        {
                            "stat": [
                                "DoPass2",
                                "exit",
                                0.63262581825256348,
                                0.059486999999999998,
                                0.080659999999999996,
                                218008,
                                222576,
                                0.029916000000000002,
                                0.034509999999999999,
                                1675314053.6014819,
                                9494712625436
                            ],
                            "sub": []
                        }
                    ]
                },
                {
                    "stat": [
                        "doGAToPass2",
                        "exit",
                        0.65662193298339844,
                        0.063644999999999993,
                        0.081828999999999999,
                        218008,
                        222576,
                        0.029916000000000002,
                        0.034509999999999999,
                        1675314053.625478,
                        9494796730628
                    ],