{
    "cpu_cycles_pass2_start": 14683812839338,
    "MlibObjs": {},
    "cycles_program_begin": 14682677762066,
    "PrevCompiledModules": {
        "...MASTER...": {
            "amcQw_d": {
                "bytes": 7494,
                "checksum": 0,
                "mod": "...MASTER...",
                "out": "objs/amcQw_d.o",
                "mode": 4
            }
        }
    },
    "LVLData": [
        "SIM"
    ],
    "CompileProcesses": [
        "cgproc.8387.json"
    ],
    "perf": [
        {
            "stat": [
                "main",
                "entry",
                0.016066074371337891,
                0.029409000000000001,
                0.021295999999999999,
                206592,
                206592,
                0.0,
                0.0,
                1675315534.1876521,
                14682678087078
            ],
            "sub": [
                {
                    "stat": [
                        "doParsingAndDesignResolution",
                        "entry",
                        0.042953968048095703,
                        0.032204999999999998,
                        0.023893999999999999,
                        207396,
                        208064,
                        0.0,
                        0.0,
                        1675315534.21454,
                        14682772264090
                    ],
                    "sub": []
                },
                {
                    "stat": [
                        "doParsingAndDesignResolution",
                        "exit",
                        0.05105900764465332,
                        0.033489999999999999,
                        0.026100000000000002,
                        207580,
                        208228,
                        0.0,
                        0.0,
                        1675315534.222645,
                        14682800657400
                    ],
                    "sub": []
                },
                {
                    "stat": [
                        "doPostDesignResolutionToVir2Vcs",
                        "entry",
                        0.063385963439941406,
                        0.034202000000000003,
                        0.026946999999999999,
                        207720,
                        208228,
                        0.0,
                        0.0,
                        1675315534.234972,
                        14682844007614
                    ],
                    "sub": [
                        {
                            "stat": [
                                "doUptoVir2VcsNoSepCleanup",
                                "entry",
                                0.082257986068725586,
                                0.035879000000000001,
                                0.031657999999999999,
                                208840,
                                208844,
                                0.0,
                                0.0,
                                1675315534.253844,
                                14682910161282
                            ],
                            "sub": []
                        },
                        {
                            "stat": [
                                "doUptoVir2VcsNoSepCleanup",
                                "exit",
                                0.22094607353210449,
                                0.044024000000000001,
                                0.046071000000000001,
                                210252,
                                222628,
                                0.0,
                                0.0,
                                1675315534.3925321,
                                14683396096582
                            ],
                            "sub": []
                        },
                        {
                            "stat": [
                                "doRadify_vir2vcsAll",
                                "entry",
                                0.22108101844787598,
                                0.044090999999999998,
                                0.046141000000000001,
                                210252,
                                222628,
                                0.0,
                                0.0,
                                1675315534.3926671,
                                14683396501258
                            ],
                            "sub": []
                        },
                        {
                            "stat": [
                                "doRadify_vir2vcsAll",
                                "exit",
                                0.24068307876586914,
                                0.047715,
                                0.047715,
                                210252,
                                222628,
                                0.0,
                                0.0,
                                1675315534.4122691,
                                14683465239634
                            ],
                            "sub": []
                        }
                    ]
                },
                {
                    "stat": [
                        "doPostDesignResolutionToVir2Vcs",
                        "exit",
                        0.2407689094543457,
                        0.047758000000000002,
                        0.047758000000000002,
                        210252,
                        222628,
                        0.0,
                        0.0,
                        1675315534.4123549,
                        14683465485214
                    ],
                    "sub": []
                },
                {
                    "stat": [
                        "doGAToPass2",
                        "entry",
                        0.24083685874938965,
                        0.047792000000000001,
                        0.047792000000000001,
                        210252,
                        222628,
                        0.0,
                        0.0,
                        1675315534.4124229,
                        14683465706956
                    ],
                    "sub": [
                        {
                            "stat": [
                                "DoPass2",
                                "entry",
                                0.33985996246337891,
                                0.049777000000000002,
                                0.051941000000000001,
                                208696,
                                222628,
                                0.027189999999999999,
                                0.025963,
                                1675315534.511446,
                                14683812801184
                            ],
                            "sub": []
                        },
                        {
                            "stat": [
                                "DoPass2",
                                "exit",
                                0.48179888725280762,
                                0.068461999999999995,
                                0.067375000000000004,
                                218176,
                                222628,
                                0.028053999999999999,
                                0.030283000000000001,
                                1675315534.6533849,
                                14684310108218
                            ],